[
  {
    "name": "🔤 Алфавит Рун",
    "school": "Триграммы",
    "description": "Echoes of Relain",
    "visual_prompt": "Pixel art magical visual effect for trigram '🔤 Алфавит Рун'. Glowing SNES-style magical rune or sigil, 128x128, subtle aura and energy animation.",
    "image_path": "magic/effects/trigrams/_алфавит_рун.png",
    "use_case": "Appears when trigram '🔤 Алфавит Рун' is invoked in a ritual or casting.",
    "trigger_event": "ritual_activation"
  },
  {
    "name": "Каждая руна",
    "school": "Триграммы",
    "description": "символ с энергетическим значением. Их можно сочетать в триграммы для создания заклинаний.",
    "visual_prompt": "Pixel art magical visual effect for trigram 'Каждая руна'. Glowing SNES-style magical rune or sigil, 128x128, subtle aura and energy animation.",
    "image_path": "magic/effects/trigrams/каждая_руна.png",
    "use_case": "Appears when trigram 'Каждая руна' is invoked in a ritual or casting.",
    "trigger_event": "ritual_activation"
  },
  {
    "name": "ᚠ",
    "school": "Триграммы",
    "description": "Огненный импульс",
    "visual_prompt": "Pixel art magical visual effect for trigram 'ᚠ'. Glowing SNES-style magical rune or sigil, 128x128, subtle aura and energy animation.",
    "image_path": "magic/effects/trigrams/.png",
    "use_case": "Appears when trigram 'ᚠ' is invoked in a ritual or casting.",
    "trigger_event": "ritual_activation"
  },
  {
    "name": "ᚢ",
    "school": "Триграммы",
    "description": "Поток воды",
    "visual_prompt": "Pixel art magical visual effect for trigram 'ᚢ'. Glowing SNES-style magical rune or sigil, 128x128, subtle aura and energy animation.",
    "image_path": "magic/effects/trigrams/.png",
    "use_case": "Appears when trigram 'ᚢ' is invoked in a ritual or casting.",
    "trigger_event": "ritual_activation"
  },
  {
    "name": "ᚦ",
    "school": "Триграммы",
    "description": "Разрушение",
    "visual_prompt": "Pixel art magical visual effect for trigram 'ᚦ'. Glowing SNES-style magical rune or sigil, 128x128, subtle aura and energy animation.",
    "image_path": "magic/effects/trigrams/.png",
    "use_case": "Appears when trigram 'ᚦ' is invoked in a ritual or casting.",
    "trigger_event": "ritual_activation"
  },
  {
    "name": "ᚨ",
    "school": "Триграммы",
    "description": "Связь",
    "visual_prompt": "Pixel art magical visual effect for trigram 'ᚨ'. Glowing SNES-style magical rune or sigil, 128x128, subtle aura and energy animation.",
    "image_path": "magic/effects/trigrams/.png",
    "use_case": "Appears when trigram 'ᚨ' is invoked in a ritual or casting.",
    "trigger_event": "ritual_activation"
  },
  {
    "name": "ᚱ",
    "school": "Триграммы",
    "description": "Хранение",
    "visual_prompt": "Pixel art magical visual effect for trigram 'ᚱ'. Glowing SNES-style magical rune or sigil, 128x128, subtle aura and energy animation.",
    "image_path": "magic/effects/trigrams/.png",
    "use_case": "Appears when trigram 'ᚱ' is invoked in a ritual or casting.",
    "trigger_event": "ritual_activation"
  },
  {
    "name": "ᚲ",
    "school": "Триграммы",
    "description": "Удар",
    "visual_prompt": "Pixel art magical visual effect for trigram 'ᚲ'. Glowing SNES-style magical rune or sigil, 128x128, subtle aura and energy animation.",
    "image_path": "magic/effects/trigrams/.png",
    "use_case": "Appears when trigram 'ᚲ' is invoked in a ritual or casting.",
    "trigger_event": "ritual_activation"
  },
  {
    "name": "ᚷ",
    "school": "Триграммы",
    "description": "Рост",
    "visual_prompt": "Pixel art magical visual effect for trigram 'ᚷ'. Glowing SNES-style magical rune or sigil, 128x128, subtle aura and energy animation.",
    "image_path": "magic/effects/trigrams/.png",
    "use_case": "Appears when trigram 'ᚷ' is invoked in a ritual or casting.",
    "trigger_event": "ritual_activation"
  },
  {
    "name": "ᚹ",
    "school": "Триграммы",
    "description": "Воздух",
    "visual_prompt": "Pixel art magical visual effect for trigram 'ᚹ'. Glowing SNES-style magical rune or sigil, 128x128, subtle aura and energy animation.",
    "image_path": "magic/effects/trigrams/.png",
    "use_case": "Appears when trigram 'ᚹ' is invoked in a ritual or casting.",
    "trigger_event": "ritual_activation"
  },
  {
    "name": "ᚺ",
    "school": "Триграммы",
    "description": "Свет",
    "visual_prompt": "Pixel art magical visual effect for trigram 'ᚺ'. Glowing SNES-style magical rune or sigil, 128x128, subtle aura and energy animation.",
    "image_path": "magic/effects/trigrams/.png",
    "use_case": "Appears when trigram 'ᚺ' is invoked in a ritual or casting.",
    "trigger_event": "ritual_activation"
  },
  {
    "name": "ᚾ",
    "school": "Триграммы",
    "description": "Тьма",
    "visual_prompt": "Pixel art magical visual effect for trigram 'ᚾ'. Glowing SNES-style magical rune or sigil, 128x128, subtle aura and energy animation.",
    "image_path": "magic/effects/trigrams/.png",
    "use_case": "Appears when trigram 'ᚾ' is invoked in a ritual or casting.",
    "trigger_event": "ritual_activation"
  },
  {
    "name": "ᛁ",
    "school": "Триграммы",
    "description": "Заморозка",
    "visual_prompt": "Pixel art magical visual effect for trigram 'ᛁ'. Glowing SNES-style magical rune or sigil, 128x128, subtle aura and energy animation.",
    "image_path": "magic/effects/trigrams/.png",
    "use_case": "Appears when trigram 'ᛁ' is invoked in a ritual or casting.",
    "trigger_event": "ritual_activation"
  },
  {
    "name": "ᛃ",
    "school": "Триграммы",
    "description": "Звук",
    "visual_prompt": "Pixel art magical visual effect for trigram 'ᛃ'. Glowing SNES-style magical rune or sigil, 128x128, subtle aura and energy animation.",
    "image_path": "magic/effects/trigrams/.png",
    "use_case": "Appears when trigram 'ᛃ' is invoked in a ritual or casting.",
    "trigger_event": "ritual_activation"
  },
  {
    "name": "ᛇ",
    "school": "Триграммы",
    "description": "Искажение",
    "visual_prompt": "Pixel art magical visual effect for trigram 'ᛇ'. Glowing SNES-style magical rune or sigil, 128x128, subtle aura and energy animation.",
    "image_path": "magic/effects/trigrams/.png",
    "use_case": "Appears when trigram 'ᛇ' is invoked in a ritual or casting.",
    "trigger_event": "ritual_activation"
  },
  {
    "name": "ᛈ",
    "school": "Триграммы",
    "description": "Печать",
    "visual_prompt": "Pixel art magical visual effect for trigram 'ᛈ'. Glowing SNES-style magical rune or sigil, 128x128, subtle aura and energy animation.",
    "image_path": "magic/effects/trigrams/.png",
    "use_case": "Appears when trigram 'ᛈ' is invoked in a ritual or casting.",
    "trigger_event": "ritual_activation"
  },
  {
    "name": "ᛉ",
    "school": "Триграммы",
    "description": "Защита",
    "visual_prompt": "Pixel art magical visual effect for trigram 'ᛉ'. Glowing SNES-style magical rune or sigil, 128x128, subtle aura and energy animation.",
    "image_path": "magic/effects/trigrams/.png",
    "use_case": "Appears when trigram 'ᛉ' is invoked in a ritual or casting.",
    "trigger_event": "ritual_activation"
  },
  {
    "name": "ᛋ",
    "school": "Триграммы",
    "description": "Сфера",
    "visual_prompt": "Pixel art magical visual effect for trigram 'ᛋ'. Glowing SNES-style magical rune or sigil, 128x128, subtle aura and energy animation.",
    "image_path": "magic/effects/trigrams/.png",
    "use_case": "Appears when trigram 'ᛋ' is invoked in a ritual or casting.",
    "trigger_event": "ritual_activation"
  },
  {
    "name": "ᛏ",
    "school": "Триграммы",
    "description": "Контроль",
    "visual_prompt": "Pixel art magical visual effect for trigram 'ᛏ'. Glowing SNES-style magical rune or sigil, 128x128, subtle aura and energy animation.",
    "image_path": "magic/effects/trigrams/.png",
    "use_case": "Appears when trigram 'ᛏ' is invoked in a ritual or casting.",
    "trigger_event": "ritual_activation"
  },
  {
    "name": "ᛒ",
    "school": "Триграммы",
    "description": "Резонанс",
    "visual_prompt": "Pixel art magical visual effect for trigram 'ᛒ'. Glowing SNES-style magical rune or sigil, 128x128, subtle aura and energy animation.",
    "image_path": "magic/effects/trigrams/.png",
    "use_case": "Appears when trigram 'ᛒ' is invoked in a ritual or casting.",
    "trigger_event": "ritual_activation"
  },
  {
    "name": "ᛖ",
    "school": "Триграммы",
    "description": "Яд",
    "visual_prompt": "Pixel art magical visual effect for trigram 'ᛖ'. Glowing SNES-style magical rune or sigil, 128x128, subtle aura and energy animation.",
    "image_path": "magic/effects/trigrams/.png",
    "use_case": "Appears when trigram 'ᛖ' is invoked in a ritual or casting.",
    "trigger_event": "ritual_activation"
  },
  {
    "name": "ᛗ",
    "school": "Триграммы",
    "description": "Ткань реальности",
    "visual_prompt": "Pixel art magical visual effect for trigram 'ᛗ'. Glowing SNES-style magical rune or sigil, 128x128, subtle aura and energy animation.",
    "image_path": "magic/effects/trigrams/.png",
    "use_case": "Appears when trigram 'ᛗ' is invoked in a ritual or casting.",
    "trigger_event": "ritual_activation"
  },
  {
    "name": "ᛚ",
    "school": "Триграммы",
    "description": "Память",
    "visual_prompt": "Pixel art magical visual effect for trigram 'ᛚ'. Glowing SNES-style magical rune or sigil, 128x128, subtle aura and energy animation.",
    "image_path": "magic/effects/trigrams/.png",
    "use_case": "Appears when trigram 'ᛚ' is invoked in a ritual or casting.",
    "trigger_event": "ritual_activation"
  },
  {
    "name": "ᛜ",
    "school": "Триграммы",
    "description": "Призыв",
    "visual_prompt": "Pixel art magical visual effect for trigram 'ᛜ'. Glowing SNES-style magical rune or sigil, 128x128, subtle aura and energy animation.",
    "image_path": "magic/effects/trigrams/.png",
    "use_case": "Appears when trigram 'ᛜ' is invoked in a ritual or casting.",
    "trigger_event": "ritual_activation"
  },
  {
    "name": "ᛞ",
    "school": "Триграммы",
    "description": "Земля",
    "visual_prompt": "Pixel art magical visual effect for trigram 'ᛞ'. Glowing SNES-style magical rune or sigil, 128x128, subtle aura and energy animation.",
    "image_path": "magic/effects/trigrams/.png",
    "use_case": "Appears when trigram 'ᛞ' is invoked in a ritual or casting.",
    "trigger_event": "ritual_activation"
  },
  {
    "name": "ᛟ",
    "school": "Триграммы",
    "description": "Врата",
    "visual_prompt": "Pixel art magical visual effect for trigram 'ᛟ'. Glowing SNES-style magical rune or sigil, 128x128, subtle aura and energy animation.",
    "image_path": "magic/effects/trigrams/.png",
    "use_case": "Appears when trigram 'ᛟ' is invoked in a ritual or casting.",
    "trigger_event": "ritual_activation"
  },
  {
    "name": "",
    "school": "Триграммы",
    "description": "Эффект: Воздух + Защита + Заморозка",
    "visual_prompt": "Pixel art magical visual effect for trigram ''. Glowing SNES-style magical rune or sigil, 128x128, subtle aura and energy animation.",
    "image_path": "magic/effects/trigrams/.png",
    "use_case": "Appears when trigram '' is invoked in a ritual or casting.",
    "trigger_event": "ritual_activation"
  },
  {
    "name": "",
    "school": "Триграммы",
    "description": "Эффект: Ткань реальности + Сфера + Звук",
    "visual_prompt": "Pixel art magical visual effect for trigram ''. Glowing SNES-style magical rune or sigil, 128x128, subtle aura and energy animation.",
    "image_path": "magic/effects/trigrams/.png",
    "use_case": "Appears when trigram '' is invoked in a ritual or casting.",
    "trigger_event": "ritual_activation"
  },
  {
    "name": "",
    "school": "Триграммы",
    "description": "Эффект: Память + Заморозка + Контроль",
    "visual_prompt": "Pixel art magical visual effect for trigram ''. Glowing SNES-style magical rune or sigil, 128x128, subtle aura and energy animation.",
    "image_path": "magic/effects/trigrams/.png",
    "use_case": "Appears when trigram '' is invoked in a ritual or casting.",
    "trigger_event": "ritual_activation"
  },
  {
    "name": "",
    "school": "Триграммы",
    "description": "Эффект: Свет + Звук + Защита",
    "visual_prompt": "Pixel art magical visual effect for trigram ''. Glowing SNES-style magical rune or sigil, 128x128, subtle aura and energy animation.",
    "image_path": "magic/effects/trigrams/.png",
    "use_case": "Appears when trigram '' is invoked in a ritual or casting.",
    "trigger_event": "ritual_activation"
  },
  {
    "name": "",
    "school": "Триграммы",
    "description": "Эффект: Звук + Заморозка + Воздух",
    "visual_prompt": "Pixel art magical visual effect for trigram ''. Glowing SNES-style magical rune or sigil, 128x128, subtle aura and energy animation.",
    "image_path": "magic/effects/trigrams/.png",
    "use_case": "Appears when trigram '' is invoked in a ritual or casting.",
    "trigger_event": "ritual_activation"
  },
  {
    "name": "",
    "school": "Триграммы",
    "description": "Эффект: Память + Защита + Защита",
    "visual_prompt": "Pixel art magical visual effect for trigram ''. Glowing SNES-style magical rune or sigil, 128x128, subtle aura and energy animation.",
    "image_path": "magic/effects/trigrams/.png",
    "use_case": "Appears when trigram '' is invoked in a ritual or casting.",
    "trigger_event": "ritual_activation"
  },
  {
    "name": "",
    "school": "Триграммы",
    "description": "Эффект: Врата + Земля + Тьма",
    "visual_prompt": "Pixel art magical visual effect for trigram ''. Glowing SNES-style magical rune or sigil, 128x128, subtle aura and energy animation.",
    "image_path": "magic/effects/trigrams/.png",
    "use_case": "Appears when trigram '' is invoked in a ritual or casting.",
    "trigger_event": "ritual_activation"
  },
  {
    "name": "",
    "school": "Триграммы",
    "description": "Эффект: Воздух + Удар + Поток воды",
    "visual_prompt": "Pixel art magical visual effect for trigram ''. Glowing SNES-style magical rune or sigil, 128x128, subtle aura and energy animation.",
    "image_path": "magic/effects/trigrams/.png",
    "use_case": "Appears when trigram '' is invoked in a ritual or casting.",
    "trigger_event": "ritual_activation"
  },
  {
    "name": "",
    "school": "Триграммы",
    "description": "Эффект: Тьма + Разрушение + Заморозка",
    "visual_prompt": "Pixel art magical visual effect for trigram ''. Glowing SNES-style magical rune or sigil, 128x128, subtle aura and energy animation.",
    "image_path": "magic/effects/trigrams/.png",
    "use_case": "Appears when trigram '' is invoked in a ritual or casting.",
    "trigger_event": "ritual_activation"
  },
  {
    "name": "",
    "school": "Триграммы",
    "description": "Эффект: Резонанс + Удар + Заморозка",
    "visual_prompt": "Pixel art magical visual effect for trigram ''. Glowing SNES-style magical rune or sigil, 128x128, subtle aura and energy animation.",
    "image_path": "magic/effects/trigrams/.png",
    "use_case": "Appears when trigram '' is invoked in a ritual or casting.",
    "trigger_event": "ritual_activation"
  },
  {
    "name": "",
    "school": "Триграммы",
    "description": "Эффект: Огненный импульс + Врата + Призыв",
    "visual_prompt": "Pixel art magical visual effect for trigram ''. Glowing SNES-style magical rune or sigil, 128x128, subtle aura and energy animation.",
    "image_path": "magic/effects/trigrams/.png",
    "use_case": "Appears when trigram '' is invoked in a ritual or casting.",
    "trigger_event": "ritual_activation"
  },
  {
    "name": "",
    "school": "Триграммы",
    "description": "Эффект: Свет + Хранение + Печать",
    "visual_prompt": "Pixel art magical visual effect for trigram ''. Glowing SNES-style magical rune or sigil, 128x128, subtle aura and energy animation.",
    "image_path": "magic/effects/trigrams/.png",
    "use_case": "Appears when trigram '' is invoked in a ritual or casting.",
    "trigger_event": "ritual_activation"
  },
  {
    "name": "",
    "school": "Триграммы",
    "description": "Эффект: Контроль + Земля + Яд",
    "visual_prompt": "Pixel art magical visual effect for trigram ''. Glowing SNES-style magical rune or sigil, 128x128, subtle aura and energy animation.",
    "image_path": "magic/effects/trigrams/.png",
    "use_case": "Appears when trigram '' is invoked in a ritual or casting.",
    "trigger_event": "ritual_activation"
  },
  {
    "name": "",
    "school": "Триграммы",
    "description": "Эффект: Память + Яд + Связь",
    "visual_prompt": "Pixel art magical visual effect for trigram ''. Glowing SNES-style magical rune or sigil, 128x128, subtle aura and energy animation.",
    "image_path": "magic/effects/trigrams/.png",
    "use_case": "Appears when trigram '' is invoked in a ritual or casting.",
    "trigger_event": "ritual_activation"
  },
  {
    "name": "",
    "school": "Триграммы",
    "description": "Эффект: Земля + Свет + Удар",
    "visual_prompt": "Pixel art magical visual effect for trigram ''. Glowing SNES-style magical rune or sigil, 128x128, subtle aura and energy animation.",
    "image_path": "magic/effects/trigrams/.png",
    "use_case": "Appears when trigram '' is invoked in a ritual or casting.",
    "trigger_event": "ritual_activation"
  },
  {
    "name": "",
    "school": "Триграммы",
    "description": "Эффект: Земля + Сфера + Свет",
    "visual_prompt": "Pixel art magical visual effect for trigram ''. Glowing SNES-style magical rune or sigil, 128x128, subtle aura and energy animation.",
    "image_path": "magic/effects/trigrams/.png",
    "use_case": "Appears when trigram '' is invoked in a ritual or casting.",
    "trigger_event": "ritual_activation"
  },
  {
    "name": "",
    "school": "Триграммы",
    "description": "Эффект: Ткань реальности + Свет + Хранение",
    "visual_prompt": "Pixel art magical visual effect for trigram ''. Glowing SNES-style magical rune or sigil, 128x128, subtle aura and energy animation.",
    "image_path": "magic/effects/trigrams/.png",
    "use_case": "Appears when trigram '' is invoked in a ritual or casting.",
    "trigger_event": "ritual_activation"
  },
  {
    "name": "",
    "school": "Триграммы",
    "description": "Эффект: Сфера + Тьма + Контроль",
    "visual_prompt": "Pixel art magical visual effect for trigram ''. Glowing SNES-style magical rune or sigil, 128x128, subtle aura and energy animation.",
    "image_path": "magic/effects/trigrams/.png",
    "use_case": "Appears when trigram '' is invoked in a ritual or casting.",
    "trigger_event": "ritual_activation"
  },
  {
    "name": "",
    "school": "Триграммы",
    "description": "Эффект: Врата + Земля + Хранение",
    "visual_prompt": "Pixel art magical visual effect for trigram ''. Glowing SNES-style magical rune or sigil, 128x128, subtle aura and energy animation.",
    "image_path": "magic/effects/trigrams/.png",
    "use_case": "Appears when trigram '' is invoked in a ritual or casting.",
    "trigger_event": "ritual_activation"
  },
  {
    "name": "",
    "school": "Триграммы",
    "description": "Эффект: Воздух + Сфера + Тьма",
    "visual_prompt": "Pixel art magical visual effect for trigram ''. Glowing SNES-style magical rune or sigil, 128x128, subtle aura and energy animation.",
    "image_path": "magic/effects/trigrams/.png",
    "use_case": "Appears when trigram '' is invoked in a ritual or casting.",
    "trigger_event": "ritual_activation"
  },
  {
    "name": "",
    "school": "Триграммы",
    "description": "Эффект: Защита + Печать + Хранение",
    "visual_prompt": "Pixel art magical visual effect for trigram ''. Glowing SNES-style magical rune or sigil, 128x128, subtle aura and energy animation.",
    "image_path": "magic/effects/trigrams/.png",
    "use_case": "Appears when trigram '' is invoked in a ritual or casting.",
    "trigger_event": "ritual_activation"
  },
  {
    "name": "",
    "school": "Триграммы",
    "description": "Эффект: Земля + Защита + Призыв",
    "visual_prompt": "Pixel art magical visual effect for trigram ''. Glowing SNES-style magical rune or sigil, 128x128, subtle aura and energy animation.",
    "image_path": "magic/effects/trigrams/.png",
    "use_case": "Appears when trigram '' is invoked in a ritual or casting.",
    "trigger_event": "ritual_activation"
  },
  {
    "name": "",
    "school": "Триграммы",
    "description": "Эффект: Удар + Контроль + Хранение",
    "visual_prompt": "Pixel art magical visual effect for trigram ''. Glowing SNES-style magical rune or sigil, 128x128, subtle aura and energy animation.",
    "image_path": "magic/effects/trigrams/.png",
    "use_case": "Appears when trigram '' is invoked in a ritual or casting.",
    "trigger_event": "ritual_activation"
  },
  {
    "name": "",
    "school": "Триграммы",
    "description": "Эффект: Звук + Память + Разрушение",
    "visual_prompt": "Pixel art magical visual effect for trigram ''. Glowing SNES-style magical rune or sigil, 128x128, subtle aura and energy animation.",
    "image_path": "magic/effects/trigrams/.png",
    "use_case": "Appears when trigram '' is invoked in a ritual or casting.",
    "trigger_event": "ritual_activation"
  },
  {
    "name": "",
    "school": "Триграммы",
    "description": "Эффект: Искажение + Огненный импульс + Защита",
    "visual_prompt": "Pixel art magical visual effect for trigram ''. Glowing SNES-style magical rune or sigil, 128x128, subtle aura and energy animation.",
    "image_path": "magic/effects/trigrams/.png",
    "use_case": "Appears when trigram '' is invoked in a ritual or casting.",
    "trigger_event": "ritual_activation"
  },
  {
    "name": "",
    "school": "Триграммы",
    "description": "Эффект: Печать + Тьма + Рост",
    "visual_prompt": "Pixel art magical visual effect for trigram ''. Glowing SNES-style magical rune or sigil, 128x128, subtle aura and energy animation.",
    "image_path": "magic/effects/trigrams/.png",
    "use_case": "Appears when trigram '' is invoked in a ritual or casting.",
    "trigger_event": "ritual_activation"
  },
  {
    "name": "",
    "school": "Триграммы",
    "description": "Эффект: Удар + Резонанс + Печать",
    "visual_prompt": "Pixel art magical visual effect for trigram ''. Glowing SNES-style magical rune or sigil, 128x128, subtle aura and energy animation.",
    "image_path": "magic/effects/trigrams/.png",
    "use_case": "Appears when trigram '' is invoked in a ritual or casting.",
    "trigger_event": "ritual_activation"
  },
  {
    "name": "",
    "school": "Триграммы",
    "description": "Эффект: Поток воды + Призыв + Врата",
    "visual_prompt": "Pixel art magical visual effect for trigram ''. Glowing SNES-style magical rune or sigil, 128x128, subtle aura and energy animation.",
    "image_path": "magic/effects/trigrams/.png",
    "use_case": "Appears when trigram '' is invoked in a ritual or casting.",
    "trigger_event": "ritual_activation"
  },
  {
    "name": "",
    "school": "Триграммы",
    "description": "Эффект: Искажение + Связь + Сфера",
    "visual_prompt": "Pixel art magical visual effect for trigram ''. Glowing SNES-style magical rune or sigil, 128x128, subtle aura and energy animation.",
    "image_path": "magic/effects/trigrams/.png",
    "use_case": "Appears when trigram '' is invoked in a ritual or casting.",
    "trigger_event": "ritual_activation"
  },
  {
    "name": "",
    "school": "Триграммы",
    "description": "Эффект: Ткань реальности + Защита + Ткань реальности",
    "visual_prompt": "Pixel art magical visual effect for trigram ''. Glowing SNES-style magical rune or sigil, 128x128, subtle aura and energy animation.",
    "image_path": "magic/effects/trigrams/.png",
    "use_case": "Appears when trigram '' is invoked in a ritual or casting.",
    "trigger_event": "ritual_activation"
  },
  {
    "name": "",
    "school": "Триграммы",
    "description": "Эффект: Огненный импульс + Тьма + Свет",
    "visual_prompt": "Pixel art magical visual effect for trigram ''. Glowing SNES-style magical rune or sigil, 128x128, subtle aura and energy animation.",
    "image_path": "magic/effects/trigrams/.png",
    "use_case": "Appears when trigram '' is invoked in a ritual or casting.",
    "trigger_event": "ritual_activation"
  },
  {
    "name": "",
    "school": "Триграммы",
    "description": "Эффект: Поток воды + Призыв + Свет",
    "visual_prompt": "Pixel art magical visual effect for trigram ''. Glowing SNES-style magical rune or sigil, 128x128, subtle aura and energy animation.",
    "image_path": "magic/effects/trigrams/.png",
    "use_case": "Appears when trigram '' is invoked in a ritual or casting.",
    "trigger_event": "ritual_activation"
  },
  {
    "name": "",
    "school": "Триграммы",
    "description": "Эффект: Связь + Свет + Тьма",
    "visual_prompt": "Pixel art magical visual effect for trigram ''. Glowing SNES-style magical rune or sigil, 128x128, subtle aura and energy animation.",
    "image_path": "magic/effects/trigrams/.png",
    "use_case": "Appears when trigram '' is invoked in a ritual or casting.",
    "trigger_event": "ritual_activation"
  },
  {
    "name": "",
    "school": "Триграммы",
    "description": "Эффект: Поток воды + Ткань реальности + Поток воды",
    "visual_prompt": "Pixel art magical visual effect for trigram ''. Glowing SNES-style magical rune or sigil, 128x128, subtle aura and energy animation.",
    "image_path": "magic/effects/trigrams/.png",
    "use_case": "Appears when trigram '' is invoked in a ritual or casting.",
    "trigger_event": "ritual_activation"
  },
  {
    "name": "",
    "school": "Триграммы",
    "description": "Эффект: Огненный импульс + Резонанс + Свет",
    "visual_prompt": "Pixel art magical visual effect for trigram ''. Glowing SNES-style magical rune or sigil, 128x128, subtle aura and energy animation.",
    "image_path": "magic/effects/trigrams/.png",
    "use_case": "Appears when trigram '' is invoked in a ritual or casting.",
    "trigger_event": "ritual_activation"
  },
  {
    "name": "",
    "school": "Триграммы",
    "description": "Эффект: Искажение + Огненный импульс + Искажение",
    "visual_prompt": "Pixel art magical visual effect for trigram ''. Glowing SNES-style magical rune or sigil, 128x128, subtle aura and energy animation.",
    "image_path": "magic/effects/trigrams/.png",
    "use_case": "Appears when trigram '' is invoked in a ritual or casting.",
    "trigger_event": "ritual_activation"
  },
  {
    "name": "",
    "school": "Триграммы",
    "description": "Эффект: Рост + Разрушение + Искажение",
    "visual_prompt": "Pixel art magical visual effect for trigram ''. Glowing SNES-style magical rune or sigil, 128x128, subtle aura and energy animation.",
    "image_path": "magic/effects/trigrams/.png",
    "use_case": "Appears when trigram '' is invoked in a ritual or casting.",
    "trigger_event": "ritual_activation"
  },
  {
    "name": "",
    "school": "Триграммы",
    "description": "Эффект: Свет + Разрушение + Защита",
    "visual_prompt": "Pixel art magical visual effect for trigram ''. Glowing SNES-style magical rune or sigil, 128x128, subtle aura and energy animation.",
    "image_path": "magic/effects/trigrams/.png",
    "use_case": "Appears when trigram '' is invoked in a ritual or casting.",
    "trigger_event": "ritual_activation"
  },
  {
    "name": "",
    "school": "Триграммы",
    "description": "Эффект: Удар + Свет + Огненный импульс",
    "visual_prompt": "Pixel art magical visual effect for trigram ''. Glowing SNES-style magical rune or sigil, 128x128, subtle aura and energy animation.",
    "image_path": "magic/effects/trigrams/.png",
    "use_case": "Appears when trigram '' is invoked in a ritual or casting.",
    "trigger_event": "ritual_activation"
  },
  {
    "name": "",
    "school": "Триграммы",
    "description": "Эффект: Земля + Призыв + Связь",
    "visual_prompt": "Pixel art magical visual effect for trigram ''. Glowing SNES-style magical rune or sigil, 128x128, subtle aura and energy animation.",
    "image_path": "magic/effects/trigrams/.png",
    "use_case": "Appears when trigram '' is invoked in a ritual or casting.",
    "trigger_event": "ritual_activation"
  },
  {
    "name": "",
    "school": "Триграммы",
    "description": "Эффект: Защита + Рост + Яд",
    "visual_prompt": "Pixel art magical visual effect for trigram ''. Glowing SNES-style magical rune or sigil, 128x128, subtle aura and energy animation.",
    "image_path": "magic/effects/trigrams/.png",
    "use_case": "Appears when trigram '' is invoked in a ritual or casting.",
    "trigger_event": "ritual_activation"
  },
  {
    "name": "",
    "school": "Триграммы",
    "description": "Эффект: Разрушение + Яд + Звук",
    "visual_prompt": "Pixel art magical visual effect for trigram ''. Glowing SNES-style magical rune or sigil, 128x128, subtle aura and energy animation.",
    "image_path": "magic/effects/trigrams/.png",
    "use_case": "Appears when trigram '' is invoked in a ritual or casting.",
    "trigger_event": "ritual_activation"
  },
  {
    "name": "",
    "school": "Триграммы",
    "description": "Эффект: Воздух + Печать + Хранение",
    "visual_prompt": "Pixel art magical visual effect for trigram ''. Glowing SNES-style magical rune or sigil, 128x128, subtle aura and energy animation.",
    "image_path": "magic/effects/trigrams/.png",
    "use_case": "Appears when trigram '' is invoked in a ritual or casting.",
    "trigger_event": "ritual_activation"
  },
  {
    "name": "",
    "school": "Триграммы",
    "description": "Эффект: Огненный импульс + Память + Врата",
    "visual_prompt": "Pixel art magical visual effect for trigram ''. Glowing SNES-style magical rune or sigil, 128x128, subtle aura and energy animation.",
    "image_path": "magic/effects/trigrams/.png",
    "use_case": "Appears when trigram '' is invoked in a ritual or casting.",
    "trigger_event": "ritual_activation"
  },
  {
    "name": "",
    "school": "Триграммы",
    "description": "Эффект: Искажение + Хранение + Связь",
    "visual_prompt": "Pixel art magical visual effect for trigram ''. Glowing SNES-style magical rune or sigil, 128x128, subtle aura and energy animation.",
    "image_path": "magic/effects/trigrams/.png",
    "use_case": "Appears when trigram '' is invoked in a ritual or casting.",
    "trigger_event": "ritual_activation"
  },
  {
    "name": "",
    "school": "Триграммы",
    "description": "Эффект: Поток воды + Звук + Воздух",
    "visual_prompt": "Pixel art magical visual effect for trigram ''. Glowing SNES-style magical rune or sigil, 128x128, subtle aura and energy animation.",
    "image_path": "magic/effects/trigrams/.png",
    "use_case": "Appears when trigram '' is invoked in a ritual or casting.",
    "trigger_event": "ritual_activation"
  },
  {
    "name": "",
    "school": "Триграммы",
    "description": "Эффект: Ткань реальности + Поток воды + Огненный импульс",
    "visual_prompt": "Pixel art magical visual effect for trigram ''. Glowing SNES-style magical rune or sigil, 128x128, subtle aura and energy animation.",
    "image_path": "magic/effects/trigrams/.png",
    "use_case": "Appears when trigram '' is invoked in a ritual or casting.",
    "trigger_event": "ritual_activation"
  },
  {
    "name": "",
    "school": "Триграммы",
    "description": "Эффект: Рост + Свет + Удар",
    "visual_prompt": "Pixel art magical visual effect for trigram ''. Glowing SNES-style magical rune or sigil, 128x128, subtle aura and energy animation.",
    "image_path": "magic/effects/trigrams/.png",
    "use_case": "Appears when trigram '' is invoked in a ritual or casting.",
    "trigger_event": "ritual_activation"
  },
  {
    "name": "",
    "school": "Триграммы",
    "description": "Эффект: Связь + Связь + Заморозка",
    "visual_prompt": "Pixel art magical visual effect for trigram ''. Glowing SNES-style magical rune or sigil, 128x128, subtle aura and energy animation.",
    "image_path": "magic/effects/trigrams/.png",
    "use_case": "Appears when trigram '' is invoked in a ritual or casting.",
    "trigger_event": "ritual_activation"
  },
  {
    "name": "",
    "school": "Триграммы",
    "description": "Эффект: Звук + Яд + Печать",
    "visual_prompt": "Pixel art magical visual effect for trigram ''. Glowing SNES-style magical rune or sigil, 128x128, subtle aura and energy animation.",
    "image_path": "magic/effects/trigrams/.png",
    "use_case": "Appears when trigram '' is invoked in a ritual or casting.",
    "trigger_event": "ritual_activation"
  },
  {
    "name": "",
    "school": "Триграммы",
    "description": "Эффект: Связь + Рост + Резонанс",
    "visual_prompt": "Pixel art magical visual effect for trigram ''. Glowing SNES-style magical rune or sigil, 128x128, subtle aura and energy animation.",
    "image_path": "magic/effects/trigrams/.png",
    "use_case": "Appears when trigram '' is invoked in a ritual or casting.",
    "trigger_event": "ritual_activation"
  },
  {
    "name": "",
    "school": "Триграммы",
    "description": "Эффект: Огненный импульс + Земля + Резонанс",
    "visual_prompt": "Pixel art magical visual effect for trigram ''. Glowing SNES-style magical rune or sigil, 128x128, subtle aura and energy animation.",
    "image_path": "magic/effects/trigrams/.png",
    "use_case": "Appears when trigram '' is invoked in a ritual or casting.",
    "trigger_event": "ritual_activation"
  },
  {
    "name": "",
    "school": "Триграммы",
    "description": "Эффект: Поток воды + Яд + Призыв",
    "visual_prompt": "Pixel art magical visual effect for trigram ''. Glowing SNES-style magical rune or sigil, 128x128, subtle aura and energy animation.",
    "image_path": "magic/effects/trigrams/.png",
    "use_case": "Appears when trigram '' is invoked in a ritual or casting.",
    "trigger_event": "ritual_activation"
  },
  {
    "name": "",
    "school": "Триграммы",
    "description": "Эффект: Тьма + Заморозка + Свет",
    "visual_prompt": "Pixel art magical visual effect for trigram ''. Glowing SNES-style magical rune or sigil, 128x128, subtle aura and energy animation.",
    "image_path": "magic/effects/trigrams/.png",
    "use_case": "Appears when trigram '' is invoked in a ritual or casting.",
    "trigger_event": "ritual_activation"
  },
  {
    "name": "",
    "school": "Триграммы",
    "description": "Эффект: Связь + Тьма + Связь",
    "visual_prompt": "Pixel art magical visual effect for trigram ''. Glowing SNES-style magical rune or sigil, 128x128, subtle aura and energy animation.",
    "image_path": "magic/effects/trigrams/.png",
    "use_case": "Appears when trigram '' is invoked in a ritual or casting.",
    "trigger_event": "ritual_activation"
  },
  {
    "name": "",
    "school": "Триграммы",
    "description": "Эффект: Свет + Тьма + Поток воды",
    "visual_prompt": "Pixel art magical visual effect for trigram ''. Glowing SNES-style magical rune or sigil, 128x128, subtle aura and energy animation.",
    "image_path": "magic/effects/trigrams/.png",
    "use_case": "Appears when trigram '' is invoked in a ritual or casting.",
    "trigger_event": "ritual_activation"
  },
  {
    "name": "",
    "school": "Триграммы",
    "description": "Эффект: Тьма + Сфера + Контроль",
    "visual_prompt": "Pixel art magical visual effect for trigram ''. Glowing SNES-style magical rune or sigil, 128x128, subtle aura and energy animation.",
    "image_path": "magic/effects/trigrams/.png",
    "use_case": "Appears when trigram '' is invoked in a ritual or casting.",
    "trigger_event": "ritual_activation"
  },
  {
    "name": "",
    "school": "Триграммы",
    "description": "Эффект: Поток воды + Земля + Поток воды",
    "visual_prompt": "Pixel art magical visual effect for trigram ''. Glowing SNES-style magical rune or sigil, 128x128, subtle aura and energy animation.",
    "image_path": "magic/effects/trigrams/.png",
    "use_case": "Appears when trigram '' is invoked in a ritual or casting.",
    "trigger_event": "ritual_activation"
  },
  {
    "name": "",
    "school": "Триграммы",
    "description": "Эффект: Земля + Резонанс + Поток воды",
    "visual_prompt": "Pixel art magical visual effect for trigram ''. Glowing SNES-style magical rune or sigil, 128x128, subtle aura and energy animation.",
    "image_path": "magic/effects/trigrams/.png",
    "use_case": "Appears when trigram '' is invoked in a ritual or casting.",
    "trigger_event": "ritual_activation"
  },
  {
    "name": "",
    "school": "Триграммы",
    "description": "Эффект: Искажение + Печать + Контроль",
    "visual_prompt": "Pixel art magical visual effect for trigram ''. Glowing SNES-style magical rune or sigil, 128x128, subtle aura and energy animation.",
    "image_path": "magic/effects/trigrams/.png",
    "use_case": "Appears when trigram '' is invoked in a ritual or casting.",
    "trigger_event": "ritual_activation"
  },
  {
    "name": "",
    "school": "Триграммы",
    "description": "Эффект: Связь + Тьма + Память",
    "visual_prompt": "Pixel art magical visual effect for trigram ''. Glowing SNES-style magical rune or sigil, 128x128, subtle aura and energy animation.",
    "image_path": "magic/effects/trigrams/.png",
    "use_case": "Appears when trigram '' is invoked in a ritual or casting.",
    "trigger_event": "ritual_activation"
  },
  {
    "name": "",
    "school": "Триграммы",
    "description": "Эффект: Поток воды + Ткань реальности + Звук",
    "visual_prompt": "Pixel art magical visual effect for trigram ''. Glowing SNES-style magical rune or sigil, 128x128, subtle aura and energy animation.",
    "image_path": "magic/effects/trigrams/.png",
    "use_case": "Appears when trigram '' is invoked in a ritual or casting.",
    "trigger_event": "ritual_activation"
  },
  {
    "name": "",
    "school": "Триграммы",
    "description": "Эффект: Поток воды + Связь + Связь",
    "visual_prompt": "Pixel art magical visual effect for trigram ''. Glowing SNES-style magical rune or sigil, 128x128, subtle aura and energy animation.",
    "image_path": "magic/effects/trigrams/.png",
    "use_case": "Appears when trigram '' is invoked in a ritual or casting.",
    "trigger_event": "ritual_activation"
  },
  {
    "name": "",
    "school": "Триграммы",
    "description": "Эффект: Рост + Свет + Резонанс",
    "visual_prompt": "Pixel art magical visual effect for trigram ''. Glowing SNES-style magical rune or sigil, 128x128, subtle aura and energy animation.",
    "image_path": "magic/effects/trigrams/.png",
    "use_case": "Appears when trigram '' is invoked in a ritual or casting.",
    "trigger_event": "ritual_activation"
  },
  {
    "name": "",
    "school": "Триграммы",
    "description": "Эффект: Рост + Контроль + Воздух",
    "visual_prompt": "Pixel art magical visual effect for trigram ''. Glowing SNES-style magical rune or sigil, 128x128, subtle aura and energy animation.",
    "image_path": "magic/effects/trigrams/.png",
    "use_case": "Appears when trigram '' is invoked in a ritual or casting.",
    "trigger_event": "ritual_activation"
  },
  {
    "name": "",
    "school": "Триграммы",
    "description": "Эффект: Контроль + Звук + Резонанс",
    "visual_prompt": "Pixel art magical visual effect for trigram ''. Glowing SNES-style magical rune or sigil, 128x128, subtle aura and energy animation.",
    "image_path": "magic/effects/trigrams/.png",
    "use_case": "Appears when trigram '' is invoked in a ritual or casting.",
    "trigger_event": "ritual_activation"
  },
  {
    "name": "",
    "school": "Триграммы",
    "description": "Эффект: Память + Заморозка + Поток воды",
    "visual_prompt": "Pixel art magical visual effect for trigram ''. Glowing SNES-style magical rune or sigil, 128x128, subtle aura and energy animation.",
    "image_path": "magic/effects/trigrams/.png",
    "use_case": "Appears when trigram '' is invoked in a ritual or casting.",
    "trigger_event": "ritual_activation"
  },
  {
    "name": "",
    "school": "Триграммы",
    "description": "Эффект: Врата + Звук + Земля",
    "visual_prompt": "Pixel art magical visual effect for trigram ''. Glowing SNES-style magical rune or sigil, 128x128, subtle aura and energy animation.",
    "image_path": "magic/effects/trigrams/.png",
    "use_case": "Appears when trigram '' is invoked in a ritual or casting.",
    "trigger_event": "ritual_activation"
  },
  {
    "name": "",
    "school": "Триграммы",
    "description": "Эффект: Хранение + Защита + Рост",
    "visual_prompt": "Pixel art magical visual effect for trigram ''. Glowing SNES-style magical rune or sigil, 128x128, subtle aura and energy animation.",
    "image_path": "magic/effects/trigrams/.png",
    "use_case": "Appears when trigram '' is invoked in a ritual or casting.",
    "trigger_event": "ritual_activation"
  },
  {
    "name": "",
    "school": "Триграммы",
    "description": "Эффект: Сфера + Контроль + Контроль",
    "visual_prompt": "Pixel art magical visual effect for trigram ''. Glowing SNES-style magical rune or sigil, 128x128, subtle aura and energy animation.",
    "image_path": "magic/effects/trigrams/.png",
    "use_case": "Appears when trigram '' is invoked in a ritual or casting.",
    "trigger_event": "ritual_activation"
  },
  {
    "name": "",
    "school": "Триграммы",
    "description": "Эффект: Поток воды + Огненный импульс + Память",
    "visual_prompt": "Pixel art magical visual effect for trigram ''. Glowing SNES-style magical rune or sigil, 128x128, subtle aura and energy animation.",
    "image_path": "magic/effects/trigrams/.png",
    "use_case": "Appears when trigram '' is invoked in a ritual or casting.",
    "trigger_event": "ritual_activation"
  },
  {
    "name": "",
    "school": "Триграммы",
    "description": "Эффект: Врата + Тьма + Огненный импульс",
    "visual_prompt": "Pixel art magical visual effect for trigram ''. Glowing SNES-style magical rune or sigil, 128x128, subtle aura and energy animation.",
    "image_path": "magic/effects/trigrams/.png",
    "use_case": "Appears when trigram '' is invoked in a ritual or casting.",
    "trigger_event": "ritual_activation"
  },
  {
    "name": "",
    "school": "Триграммы",
    "description": "Эффект: Свет + Печать + Тьма",
    "visual_prompt": "Pixel art magical visual effect for trigram ''. Glowing SNES-style magical rune or sigil, 128x128, subtle aura and energy animation.",
    "image_path": "magic/effects/trigrams/.png",
    "use_case": "Appears when trigram '' is invoked in a ritual or casting.",
    "trigger_event": "ritual_activation"
  },
  {
    "name": "",
    "school": "Триграммы",
    "description": "Эффект: Яд + Воздух + Огненный импульс",
    "visual_prompt": "Pixel art magical visual effect for trigram ''. Glowing SNES-style magical rune or sigil, 128x128, subtle aura and energy animation.",
    "image_path": "magic/effects/trigrams/.png",
    "use_case": "Appears when trigram '' is invoked in a ritual or casting.",
    "trigger_event": "ritual_activation"
  },
  {
    "name": "",
    "school": "Триграммы",
    "description": "Эффект: Искажение + Заморозка + Ткань реальности",
    "visual_prompt": "Pixel art magical visual effect for trigram ''. Glowing SNES-style magical rune or sigil, 128x128, subtle aura and energy animation.",
    "image_path": "magic/effects/trigrams/.png",
    "use_case": "Appears when trigram '' is invoked in a ritual or casting.",
    "trigger_event": "ritual_activation"
  },
  {
    "name": "",
    "school": "Триграммы",
    "description": "Эффект: Воздух + Разрушение + Тьма",
    "visual_prompt": "Pixel art magical visual effect for trigram ''. Glowing SNES-style magical rune or sigil, 128x128, subtle aura and energy animation.",
    "image_path": "magic/effects/trigrams/.png",
    "use_case": "Appears when trigram '' is invoked in a ritual or casting.",
    "trigger_event": "ritual_activation"
  },
  {
    "name": "",
    "school": "Триграммы",
    "description": "Эффект: Сфера + Ткань реальности + Удар",
    "visual_prompt": "Pixel art magical visual effect for trigram ''. Glowing SNES-style magical rune or sigil, 128x128, subtle aura and energy animation.",
    "image_path": "magic/effects/trigrams/.png",
    "use_case": "Appears when trigram '' is invoked in a ritual or casting.",
    "trigger_event": "ritual_activation"
  },
  {
    "name": "",
    "school": "Триграммы",
    "description": "Эффект: Печать + Связь + Врата",
    "visual_prompt": "Pixel art magical visual effect for trigram ''. Glowing SNES-style magical rune or sigil, 128x128, subtle aura and energy animation.",
    "image_path": "magic/effects/trigrams/.png",
    "use_case": "Appears when trigram '' is invoked in a ritual or casting.",
    "trigger_event": "ritual_activation"
  },
  {
    "name": "",
    "school": "Триграммы",
    "description": "Эффект: Резонанс + Удар + Искажение",
    "visual_prompt": "Pixel art magical visual effect for trigram ''. Glowing SNES-style magical rune or sigil, 128x128, subtle aura and energy animation.",
    "image_path": "magic/effects/trigrams/.png",
    "use_case": "Appears when trigram '' is invoked in a ritual or casting.",
    "trigger_event": "ritual_activation"
  },
  {
    "name": "",
    "school": "Триграммы",
    "description": "Эффект: Яд + Резонанс + Контроль",
    "visual_prompt": "Pixel art magical visual effect for trigram ''. Glowing SNES-style magical rune or sigil, 128x128, subtle aura and energy animation.",
    "image_path": "magic/effects/trigrams/.png",
    "use_case": "Appears when trigram '' is invoked in a ritual or casting.",
    "trigger_event": "ritual_activation"
  },
  {
    "name": "",
    "school": "Триграммы",
    "description": "Эффект: Хранение + Печать + Связь",
    "visual_prompt": "Pixel art magical visual effect for trigram ''. Glowing SNES-style magical rune or sigil, 128x128, subtle aura and energy animation.",
    "image_path": "magic/effects/trigrams/.png",
    "use_case": "Appears when trigram '' is invoked in a ritual or casting.",
    "trigger_event": "ritual_activation"
  }
]