[
  {
    "name": "Искра Очага",
    "school": "Пирокрафт",
    "description": "Создаёт небольшое пламя для розжига костра или свечи.",
    "visual_prompt": "Pixel art effect for spell 'Искра Очага' from Пирокрафт school. SNES-style magical FX with elemental aura, 128x128.",
    "image_path": "magic/spells/пирокрафт/искра_очага.png",
    "use_case": "Появляется при активации заклинания 'Искра Очага' (Пирокрафт).",
    "trigger_event": "on_cast"
  },
  {
    "name": "Тепло Чаши",
    "school": "Пирокрафт",
    "description": "Подогревает жидкость или пищу без открытого огня.",
    "visual_prompt": "Pixel art effect for spell 'Тепло Чаши' from Пирокрафт school. SNES-style magical FX with elemental aura, 128x128.",
    "image_path": "magic/spells/пирокрафт/тепло_чаши.png",
    "use_case": "Появляется при активации заклинания 'Тепло Чаши' (Пирокрафт).",
    "trigger_event": "on_cast"
  },
  {
    "name": "Легкое Омытие",
    "school": "Гидрокрафт",
    "description": "Снимает грязь и пыль с одежды или кожи.",
    "visual_prompt": "Pixel art effect for spell 'Легкое Омытие' from Гидрокрафт school. SNES-style magical FX with elemental aura, 128x128.",
    "image_path": "magic/spells/гидрокрафт/легкое_омытие.png",
    "use_case": "Появляется при активации заклинания 'Легкое Омытие' (Гидрокрафт).",
    "trigger_event": "on_cast"
  },
  {
    "name": "Чистая Ткань",
    "school": "Гидрокрафт + Эфир",
    "description": "Очищает ткань от запахов и пятен, безопасна для редких тканей.",
    "visual_prompt": "Pixel art effect for spell 'Чистая Ткань' from Гидрокрафт + Эфир school. SNES-style magical FX with elemental aura, 128x128.",
    "image_path": "magic/spells/гидрокрафт_+_эфир/чистая_ткань.png",
    "use_case": "Появляется при активации заклинания 'Чистая Ткань' (Гидрокрафт + Эфир).",
    "trigger_event": "on_cast"
  },
  {
    "name": "Мягкое Светило",
    "school": "Аурика",
    "description": "Создаёт мягкий шарик света в радиусе 3 метров.",
    "visual_prompt": "Pixel art effect for spell 'Мягкое Светило' from Аурика school. SNES-style magical FX with elemental aura, 128x128.",
    "image_path": "magic/spells/аурика/мягкое_светило.png",
    "use_case": "Появляется при активации заклинания 'Мягкое Светило' (Аурика).",
    "trigger_event": "on_cast"
  },
  {
    "name": "Успокоение Сердца",
    "school": "Аурика",
    "description": "Снимает лёгкую тревожность, улучшает сон.",
    "visual_prompt": "Pixel art effect for spell 'Успокоение Сердца' from Аурика school. SNES-style magical FX with elemental aura, 128x128.",
    "image_path": "magic/spells/аурика/успокоение_сердца.png",
    "use_case": "Появляется при активации заклинания 'Успокоение Сердца' (Аурика).",
    "trigger_event": "on_cast"
  },
  {
    "name": "Сбор Крошек",
    "school": "Аэрокрафт",
    "description": "Создаёт вихрь, собирающий мелкий мусор в кучку.",
    "visual_prompt": "Pixel art effect for spell 'Сбор Крошек' from Аэрокрафт school. SNES-style magical FX with elemental aura, 128x128.",
    "image_path": "magic/spells/аэрокрафт/сбор_крошек.png",
    "use_case": "Появляется при активации заклинания 'Сбор Крошек' (Аэрокрафт).",
    "trigger_event": "on_cast"
  },
  {
    "name": "Теплый Круг",
    "school": "Пиромантия очага",
    "description": "Сохраняет комфортную температуру в пределах комнаты.",
    "visual_prompt": "Pixel art effect for spell 'Теплый Круг' from Пиромантия очага school. SNES-style magical FX with elemental aura, 128x128.",
    "image_path": "magic/spells/пиромантия_очага/теплый_круг.png",
    "use_case": "Появляется при активации заклинания 'Теплый Круг' (Пиромантия очага).",
    "trigger_event": "on_cast"
  },
  {
    "name": "Листовой Уход",
    "school": "Флорамагия",
    "description": "Ускоряет рост комнатных растений или устраняет увядание.",
    "visual_prompt": "Pixel art effect for spell 'Листовой Уход' from Флорамагия school. SNES-style magical FX with elemental aura, 128x128.",
    "image_path": "magic/spells/флорамагия/листовой_уход.png",
    "use_case": "Появляется при активации заклинания 'Листовой Уход' (Флорамагия).",
    "trigger_event": "on_cast"
  },
  {
    "name": "Сухой Пол",
    "school": "Геокрафт + Эфир",
    "description": "Осушает пролитую жидкость с поверхности.",
    "visual_prompt": "Pixel art effect for spell 'Сухой Пол' from Геокрафт + Эфир school. SNES-style magical FX with elemental aura, 128x128.",
    "image_path": "magic/spells/геокрафт_+_эфир/сухой_пол.png",
    "use_case": "Появляется при активации заклинания 'Сухой Пол' (Геокрафт + Эфир).",
    "trigger_event": "on_cast"
  },
  {
    "name": "Малое Исцеление",
    "school": "Аурика",
    "description": "Заживляет мелкие порезы, ссадины и ушибы.",
    "visual_prompt": "Pixel art effect for spell 'Малое Исцеление' from Аурика school. SNES-style magical FX with elemental aura, 128x128.",
    "image_path": "magic/spells/аурика/малое_исцеление.png",
    "use_case": "Появляется при активации заклинания 'Малое Исцеление' (Аурика).",
    "trigger_event": "on_cast"
  },
  {
    "name": "Тканевая Игла",
    "school": "Маникрафт",
    "description": "Скрепляет ткань, создавая временный шов без ниток.",
    "visual_prompt": "Pixel art effect for spell 'Тканевая Игла' from Маникрафт school. SNES-style magical FX with elemental aura, 128x128.",
    "image_path": "magic/spells/маникрафт/тканевая_игла.png",
    "use_case": "Появляется при активации заклинания 'Тканевая Игла' (Маникрафт).",
    "trigger_event": "on_cast"
  },
  {
    "name": "Нить Порядка",
    "school": "Эфиромантия",
    "description": "Упорядочивает предметы на столе или в рюкзаке.",
    "visual_prompt": "Pixel art effect for spell 'Нить Порядка' from Эфиромантия school. SNES-style magical FX with elemental aura, 128x128.",
    "image_path": "magic/spells/эфиромантия/нить_порядка.png",
    "use_case": "Появляется при активации заклинания 'Нить Порядка' (Эфиромантия).",
    "trigger_event": "on_cast"
  },
  {
    "name": "Рассеивающий Аромат",
    "school": "Аэрокрафт + Маникрафт",
    "description": "Создаёт тонкий аромат в комнате.",
    "visual_prompt": "Pixel art effect for spell 'Рассеивающий Аромат' from Аэрокрафт + Маникрафт school. SNES-style magical FX with elemental aura, 128x128.",
    "image_path": "magic/spells/аэрокрафт_+_маникрафт/рассеивающий_аромат.png",
    "use_case": "Появляется при активации заклинания 'Рассеивающий Аромат' (Аэрокрафт + Маникрафт).",
    "trigger_event": "on_cast"
  },
  {
    "name": "Память Камня",
    "school": "Йорцан",
    "description": "Находит последний положенный предмет в комнате (в пределах часа).",
    "visual_prompt": "Pixel art effect for spell 'Память Камня' from Йорцан school. SNES-style magical FX with elemental aura, 128x128.",
    "image_path": "magic/spells/йорцан/память_камня.png",
    "use_case": "Появляется при активации заклинания 'Память Камня' (Йорцан).",
    "trigger_event": "on_interaction"
  },
  {
    "name": "Триграмма Пламени",
    "school": "Триграммы",
    "description": "Магическая структура с красно-оранжевым свечением. Используется для активации огненных эффектов.",
    "visual_prompt": "Pixel art of a glowing fire trigram sigil. Symmetrical, red-orange arcane lines in triangle pattern. Magical SNES style, 128x128.",
    "image_path": "magic/trigrams/fire_trigram.png",
    "use_case": "Появляется при активации огненного заклятия через триграмму.",
    "trigger_event": "ritual_activation"
  },
  {
    "name": "Триграмма Воды",
    "school": "Триграммы",
    "description": "Символ в форме водной триграммы, пульсирует синим светом.",
    "visual_prompt": "Pixel art of a watery trigram glowing in blue, fluid shape and triangular symmetry. 128x128 RPG effect.",
    "image_path": "magic/trigrams/water_trigram.png",
    "use_case": "Используется при ритуалах исцеления и очищения.",
    "trigger_event": "ritual_activation"
  },
  {
    "name": "Магический Круг Аурики",
    "school": "Магические Круги",
    "description": "Сложный круг с лучами и мягким свечением. Основной символ школы Аурики.",
    "visual_prompt": "Pixel art of an ornate glowing magic circle with soft aura light. SNES-style spell effect, 128x128.",
    "image_path": "magic/circles/aurica_circle.png",
    "use_case": "Активируется в ритуалах исцеления или медитации.",
    "trigger_event": "on_cast"
  },
  {
    "name": "Пентаграмма Звездного Ковчега",
    "school": "Ритуальные символы",
    "description": "Древний ритуальный символ, используемый в больших заклинаниях.",
    "visual_prompt": "Pixel art of an arcane glowing pentagram with ancient runes and silver flames. 128x128 RPG magic FX.",
    "image_path": "magic/pentagrams/star_pentagram.png",
    "use_case": "Вспыхивает при применении редких артефактов или открытии портала.",
    "trigger_event": "on_cast"
  },
  {
    "name": "Медленная Спираль Йорцана",
    "school": "Йорцан",
    "description": "Медленно вращающийся символ с завитками, создаёт иллюзию времени.",
    "visual_prompt": "Pixel art of a slow rotating spiral sigil with hypnotic blue motion. SNES spell effect style, 128x128.",
    "image_path": "magic/yorzan/spiral_of_yorzan.png",
    "use_case": "Появляется при изучении памяти предмета или локации.",
    "trigger_event": "on_interaction"
  }
]