[
  {
    "name": "Искра Очага",
    "school": "Пирокрафт",
    "description": "Создаёт небольшое пламя для розжига костра или свечи.",
    "visual_prompt": "Pixel art visual effect for 'Искра Очага' — school: Пирокрафт. SNES-style magic aura or sigil in 128x128.",
    "image_path": "magic/spells/пирокрафт/искра_очага.png",
    "use_case": "Появляется при касте заклинания 'Искра Очага' (Пирокрафт)."
  },
  {
    "name": "Тепло Чаши",
    "school": "Пирокрафт",
    "description": "Подогревает жидкость или пищу без открытого огня.",
    "visual_prompt": "Pixel art visual effect for 'Тепло Чаши' — school: Пирокрафт. SNES-style magic aura or sigil in 128x128.",
    "image_path": "magic/spells/пирокрафт/тепло_чаши.png",
    "use_case": "Появляется при касте заклинания 'Тепло Чаши' (Пирокрафт)."
  },
  {
    "name": "Легкое Омытие",
    "school": "Гидрокрафт",
    "description": "Снимает грязь и пыль с одежды или кожи.",
    "visual_prompt": "Pixel art visual effect for 'Легкое Омытие' — school: Гидрокрафт. SNES-style magic aura or sigil in 128x128.",
    "image_path": "magic/spells/гидрокрафт/легкое_омытие.png",
    "use_case": "Появляется при касте заклинания 'Легкое Омытие' (Гидрокрафт)."
  },
  {
    "name": "Чистая Ткань",
    "school": "Гидрокрафт + Эфир",
    "description": "Очищает ткань от запахов и пятен, безопасна для редких тканей.",
    "visual_prompt": "Pixel art visual effect for 'Чистая Ткань' — school: Гидрокрафт + Эфир. SNES-style magic aura or sigil in 128x128.",
    "image_path": "magic/spells/гидрокрафт_+_эфир/чистая_ткань.png",
    "use_case": "Появляется при касте заклинания 'Чистая Ткань' (Гидрокрафт + Эфир)."
  },
  {
    "name": "Мягкое Светило",
    "school": "Аурика",
    "description": "Создаёт мягкий шарик света в радиусе 3 метров.",
    "visual_prompt": "Pixel art visual effect for 'Мягкое Светило' — school: Аурика. SNES-style magic aura or sigil in 128x128.",
    "image_path": "magic/spells/аурика/мягкое_светило.png",
    "use_case": "Появляется при касте заклинания 'Мягкое Светило' (Аурика)."
  },
  {
    "name": "Успокоение Сердца",
    "school": "Аурика",
    "description": "Снимает лёгкую тревожность, улучшает сон.",
    "visual_prompt": "Pixel art visual effect for 'Успокоение Сердца' — school: Аурика. SNES-style magic aura or sigil in 128x128.",
    "image_path": "magic/spells/аурика/успокоение_сердца.png",
    "use_case": "Появляется при касте заклинания 'Успокоение Сердца' (Аурика)."
  },
  {
    "name": "Сбор Крошек",
    "school": "Аэрокрафт",
    "description": "Создаёт вихрь, собирающий мелкий мусор в кучку.",
    "visual_prompt": "Pixel art visual effect for 'Сбор Крошек' — school: Аэрокрафт. SNES-style magic aura or sigil in 128x128.",
    "image_path": "magic/spells/аэрокрафт/сбор_крошек.png",
    "use_case": "Появляется при касте заклинания 'Сбор Крошек' (Аэрокрафт)."
  },
  {
    "name": "Теплый Круг",
    "school": "Пиромантия очага",
    "description": "Сохраняет комфортную температуру в пределах комнаты.",
    "visual_prompt": "Pixel art visual effect for 'Теплый Круг' — school: Пиромантия очага. SNES-style magic aura or sigil in 128x128.",
    "image_path": "magic/spells/пиромантия_очага/теплый_круг.png",
    "use_case": "Появляется при касте заклинания 'Теплый Круг' (Пиромантия очага)."
  },
  {
    "name": "Листовой Уход",
    "school": "Флорамагия",
    "description": "Ускоряет рост комнатных растений или устраняет увядание.",
    "visual_prompt": "Pixel art visual effect for 'Листовой Уход' — school: Флорамагия. SNES-style magic aura or sigil in 128x128.",
    "image_path": "magic/spells/флорамагия/листовой_уход.png",
    "use_case": "Появляется при касте заклинания 'Листовой Уход' (Флорамагия)."
  },
  {
    "name": "Сухой Пол",
    "school": "Геокрафт + Эфир",
    "description": "Осушает пролитую жидкость с поверхности.",
    "visual_prompt": "Pixel art visual effect for 'Сухой Пол' — school: Геокрафт + Эфир. SNES-style magic aura or sigil in 128x128.",
    "image_path": "magic/spells/геокрафт_+_эфир/сухой_пол.png",
    "use_case": "Появляется при касте заклинания 'Сухой Пол' (Геокрафт + Эфир)."
  },
  {
    "name": "Малое Исцеление",
    "school": "Аурика",
    "description": "Заживляет мелкие порезы, ссадины и ушибы.",
    "visual_prompt": "Pixel art visual effect for 'Малое Исцеление' — school: Аурика. SNES-style magic aura or sigil in 128x128.",
    "image_path": "magic/spells/аурика/малое_исцеление.png",
    "use_case": "Появляется при касте заклинания 'Малое Исцеление' (Аурика)."
  },
  {
    "name": "Тканевая Игла",
    "school": "Маникрафт",
    "description": "Скрепляет ткань, создавая временный шов без ниток.",
    "visual_prompt": "Pixel art visual effect for 'Тканевая Игла' — school: Маникрафт. SNES-style magic aura or sigil in 128x128.",
    "image_path": "magic/spells/маникрафт/тканевая_игла.png",
    "use_case": "Появляется при касте заклинания 'Тканевая Игла' (Маникрафт)."
  },
  {
    "name": "Нить Порядка",
    "school": "Эфиромантия",
    "description": "Упорядочивает предметы на столе или в рюкзаке.",
    "visual_prompt": "Pixel art visual effect for 'Нить Порядка' — school: Эфиромантия. SNES-style magic aura or sigil in 128x128.",
    "image_path": "magic/spells/эфиромантия/нить_порядка.png",
    "use_case": "Появляется при касте заклинания 'Нить Порядка' (Эфиромантия)."
  },
  {
    "name": "Рассеивающий Аромат",
    "school": "Аэрокрафт + Маникрафт",
    "description": "Создаёт тонкий аромат в комнате.",
    "visual_prompt": "Pixel art visual effect for 'Рассеивающий Аромат' — school: Аэрокрафт + Маникрафт. SNES-style magic aura or sigil in 128x128.",
    "image_path": "magic/spells/аэрокрафт_+_маникрафт/рассеивающий_аромат.png",
    "use_case": "Появляется при касте заклинания 'Рассеивающий Аромат' (Аэрокрафт + Маникрафт)."
  },
  {
    "name": "Память Камня",
    "school": "Йорцан",
    "description": "Находит последний положенный предмет в комнате (в пределах часа).",
    "visual_prompt": "Pixel art visual effect for 'Память Камня' — school: Йорцан. SNES-style magic aura or sigil in 128x128.",
    "image_path": "magic/spells/йорцан/память_камня.png",
    "use_case": "Появляется при касте заклинания 'Память Камня' (Йорцан)."
  },
  {
    "name": "Триграмма Пламени",
    "school": "Триграммы",
    "description": "Магическая структура с красно-оранжевым свечением. Используется для активации огненных эффектов.",
    "visual_prompt": "Pixel art of a glowing fire trigram sigil. Symmetrical, red-orange arcane lines in triangle pattern. Magical SNES style, 128x128.",
    "image_path": "magic/trigrams/fire_trigram.png",
    "use_case": "Появляется при активации огненного заклятия через триграмму."
  },
  {
    "name": "Триграмма Воды",
    "school": "Триграммы",
    "description": "Символ в форме водной триграммы, пульсирует синим светом.",
    "visual_prompt": "Pixel art of a watery trigram glowing in blue, fluid shape and triangular symmetry. 128x128 RPG effect.",
    "image_path": "magic/trigrams/water_trigram.png",
    "use_case": "Используется при ритуалах исцеления и очищения."
  },
  {
    "name": "Магический Круг Аурики",
    "school": "Магические Круги",
    "description": "Сложный круг с лучами и мягким свечением. Основной символ школы Аурики.",
    "visual_prompt": "Pixel art of an ornate glowing magic circle with soft aura light. SNES-style spell effect, 128x128.",
    "image_path": "magic/circles/aurica_circle.png",
    "use_case": "Активируется в ритуалах исцеления или медитации."
  },
  {
    "name": "Пентаграмма Звездного Ковчега",
    "school": "Ритуальные символы",
    "description": "Древний ритуальный символ, используемый в больших заклинаниях.",
    "visual_prompt": "Pixel art of an arcane glowing pentagram with ancient runes and silver flames. 128x128 RPG magic FX.",
    "image_path": "magic/pentagrams/star_pentagram.png",
    "use_case": "Вспыхивает при применении редких артефактов или открытии портала."
  },
  {
    "name": "Медленная Спираль Йорцана",
    "school": "Йорцан",
    "description": "Медленно вращающийся символ с завитками, создаёт иллюзию времени.",
    "visual_prompt": "Pixel art of a slow rotating spiral sigil with hypnotic blue motion. SNES spell effect style, 128x128.",
    "image_path": "magic/yorzan/spiral_of_yorzan.png",
    "use_case": "Появляется при изучении памяти предмета или локации."
  }
]